,Unnamed: 0,dates,filenames
0,0.0,,01048818.jpeg
1,1.0,25-07-2019,0156b46f.jpeg
2,2.0,29-09-2018,01a0cabb.jpeg
3,3.0,06-10-2016,02acce30.jpeg
4,4.0,29-05-2019,02d54805.jpeg
5,5.0,03-07-2019,02f4068e.jpeg
6,6.0,,0308aae2.jpeg
7,7.0,23-05-2019,0349ff40.jpeg
8,8.0,07-01-2019,0358c6c3.jpeg
9,9.0,22-05-2019,037ef967.jpeg
10,10.0,17-07-2019,0406cfb1.jpeg
11,11.0,07-02-2019,04887bab.jpeg
12,12.0,02-04-2015,049c8dfd.jpeg
13,13.0,22-07-2019,04f988a3.jpeg
14,14.0,22-07-2018,04fa5e11.jpeg
15,15.0,06-07-2019,05f91a79.jpeg
16,16.0,24-05-2019,068ea6e6.jpeg
17,17.0,15-04-2016,0728f702.jpeg
18,18.0,20-07-2019,077124e4.jpeg
19,19.0,20-06-2019,093304e6.jpeg
20,20.0,29-05-2019,0a0ebd53.jpeg
21,21.0,22-05-2019,0a8a955f.jpeg
22,22.0,05-07-2019,0b1664cb.jpeg
23,23.0,18-06-2019,0c4672b4.jpeg
24,24.0,28-06-2019,0c60aa84.jpeg
25,25.0,03-06-2019,0cc46a10.jpeg
26,26.0,20-06-2019,0cdf6ec0.jpeg
27,27.0,13-04-2019,0daa6a1c.jpeg
28,28.0,07-06-2019,0e0dd005.jpeg
29,29.0,28-06-2019,0eda160c.jpeg
30,30.0,30-04-2019,0efaa622.jpeg
31,31.0,25-07-2019,102dd660.jpeg
32,32.0,03-10-2017,105e97c5.jpeg
33,33.0,06-08-2019,10e00c18.jpeg
34,34.0,14-07-2019,1171a5da.jpeg
35,35.0,30-06-2018,1191438d.jpeg
36,36.0,27-06-2019,121a7302.jpeg
37,37.0,25-06-2019,13531d03.jpeg
38,38.0,24-11-2016,13b63796.jpeg
39,39.0,21-05-2020,13dc4bd4.jpeg
40,40.0,19-06-2019,148ebe90.jpeg
41,41.0,20-06-2019,150d4dde.jpeg
42,42.0,19-05-2019,156e0f63.jpeg
43,43.0,07-01-2019,15bb95a8.jpeg
44,44.0,18-05-2019,15ce8549.jpeg
45,45.0,22-05-2014,16929bef.jpeg
46,46.0,,18e9efcf.jpeg
47,47.0,22-08-2015,194fc04c.jpeg
48,48.0,,19aa65d3.jpeg
49,49.0,27-06-2019,1a9c056c.jpeg
50,50.0,24-07-2019,1ae93f0a.jpeg
51,51.0,22-05-2019,1afb9648.jpeg
52,52.0,19-07-2019,1b0a9723.jpeg
53,53.0,01-06-2019,1cd9dfed.jpeg
54,54.0,09-07-2019,1d900ca2.jpeg
55,55.0,,1e288e8c.jpeg
56,56.0,,1e3d07aa.jpeg
57,57.0,,1ed34833.jpeg
58,58.0,20-10-2018,1f2e0222.jpeg
59,59.0,17-02-2018,1f6a12e7.jpeg
60,60.0,24-06-2019,1f880ba4.jpeg
61,61.0,06-06-2019,1f9bdf4a.jpeg
62,62.0,,20888b5e.jpeg
63,63.0,06-01-2019,208e94bb.jpeg
64,64.0,06-07-2019,20aaa16a.jpeg
65,65.0,04-07-2019,212ab88f.jpeg
66,66.0,17-09-2015,21e9cc19.jpeg
67,67.0,01-06-2019,223eba39.jpeg
68,68.0,26-06-2019,24847223.jpeg
69,69.0,,25635faa.jpeg
70,70.0,14-06-2019,2590a66d.jpeg
71,71.0,25-06-2019,25ee2c0d.jpeg
72,72.0,19-06-2019,25f999dc.jpeg
73,73.0,11-07-2019,265001bf.jpeg
74,74.0,04-08-2019,26738bde.jpeg
75,75.0,07-01-2019,268027de.jpeg
76,76.0,,26ab5ac7.jpeg
77,77.0,,28fe14e7.jpeg
78,78.0,29-06-2019,2ad1b322.jpeg
79,79.0,24-05-2019,2b4713c8.jpeg
80,80.0,02-03-2019,2b577c41.jpeg
81,81.0,18-03-2018,2b931f74.jpeg
82,82.0,24-07-2019,2bbb8522.jpeg
83,83.0,,2bdd2396.jpeg
84,84.0,26-05-2016,2c500858.jpeg
85,85.0,29-06-2019,2c942f50.jpeg
86,86.0,21-08-2010,2d27a624.jpeg
87,87.0,17-05-2019,2de48561.jpeg
88,88.0,07-01-2019,2e12ae7f.jpeg
89,89.0,15-06-2019,2edff68d.jpeg
90,90.0,01-06-2019,2ef79975.jpeg
91,91.0,30-08-2019,2f36db66.jpeg
92,92.0,06-04-2019,2fdd6a08.jpeg
93,93.0,25-04-2015,30501b83.jpeg
94,94.0,07-02-2019,3055743f.jpeg
95,95.0,15-06-2019,316b49e7.jpeg
96,96.0,24-06-2019,316d4f06.jpeg
97,97.0,02-07-2019,31761796.jpeg
98,98.0,12-02-2017,317fb684.jpeg
99,99.0,18-07-2019,318663fa.jpeg
100,100.0,01-06-2019,31ad980e.jpeg
101,101.0,18-07-2019,32b4d880.jpeg
102,102.0,07-08-2019,32d10504.jpeg
103,103.0,25-06-2019,332c05ec.jpeg
104,104.0,03-05-2017,3331e5f3.jpeg
105,105.0,06-08-2019,33fba310.jpeg
106,106.0,09-05-2017,349c23ef.jpeg
107,107.0,30-08-2014,3519f28b.jpeg
108,108.0,25-07-2019,3530e6d1.jpeg
109,109.0,,36285989.jpeg
110,110.0,10-06-2019,365c3104.jpeg
111,111.0,15-07-2019,36e4ad81.jpeg
112,112.0,12-07-2019,37176928.jpeg
113,113.0,29-06-2019,375f34a9.jpeg
114,114.0,,376101f2.jpeg
115,115.0,05-05-2019,379efbfc.jpeg
116,116.0,18-04-2019,38863cee.jpeg
117,117.0,06-09-2019,38d9d542.jpeg
118,118.0,23-09-2017,39e7c62a.jpeg
119,119.0,27-06-2019,3bce4b60.jpeg
120,120.0,16-06-2019,3bf18630.jpeg
121,121.0,25-09-2018,3bfa05ad.jpeg
122,122.0,23-05-2019,3c73f675.jpeg
123,123.0,,3cdec471.jpeg
124,124.0,25-03-2019,3d06f10e.jpeg
125,125.0,31-05-2019,3deff9fb.jpeg
126,126.0,07-10-2019,3e2e8c09.jpeg
127,127.0,06-04-2019,3e3a4f77.jpeg
128,128.0,22-07-2019,3e4e3b6a.jpeg
129,129.0,07-08-2019,3e8b3fad.jpeg
130,130.0,06-11-2019,3f2f44eb.jpeg
131,131.0,20-04-2018,406d482f.jpeg
132,132.0,04-05-2019,40e86c08.jpeg
133,133.0,05-06-2019,4175425f.jpeg
134,134.0,02-02-2019,417dc9c8.jpeg
135,135.0,26-06-2019,41879403.jpeg
136,136.0,30-11-2014,42a54355.jpeg
137,137.0,04-10-2016,42c85ea9.jpeg
138,138.0,03-05-2019,43d4608f.jpeg
139,139.0,07-10-2017,43d7cd10.jpeg
140,140.0,30-07-2019,43edeb2e.jpeg
141,141.0,14-05-2019,44373191.jpeg
142,142.0,24-08-2017,459b00d4.jpeg
143,143.0,09-07-2019,46ca4063.jpeg
144,144.0,30-06-2019,4754f9e3.jpeg
145,145.0,03-09-2019,4883a482.jpeg
146,146.0,,4934b499.jpeg
147,147.0,,4982922a.jpeg
148,148.0,06-03-2019,4a9af216.jpeg
149,149.0,15-07-2016,4abb6285.jpeg
150,150.0,15-08-2019,4af6d4a7.jpeg
151,151.0,05-11-2018,4b1911d2.jpeg
152,152.0,18-08-2018,4b494298.jpeg
153,153.0,,4b8cfbf2.jpeg
154,154.0,25-07-2019,4bdd80e2.jpeg
155,155.0,,4d207768.jpeg
156,156.0,05-07-2019,4d79fcf2.jpeg
157,157.0,06-02-2015,4da45cc9.jpeg
158,158.0,06-07-2019,4dddf1eb.jpeg
159,159.0,06-05-2019,4e4b0d9c.jpeg
160,160.0,04-07-2019,4e7babf5.jpeg
161,161.0,23-07-2019,4ec4559a.jpeg
162,162.0,05-11-2018,4f58927d.jpeg
163,163.0,11-07-2019,4f692e69.jpeg
164,164.0,25-09-2018,4fa1fc56.jpeg
165,165.0,16-05-2019,4fdb8f6a.jpeg
166,166.0,10-07-2019,4fef1c7e.jpeg
167,167.0,18-07-2019,513a9167.jpeg
168,168.0,04-06-2019,5142a222.jpeg
169,169.0,06-02-2018,522b71b7.jpeg
170,170.0,23-06-2019,52b8d251.jpeg
171,171.0,03-07-2019,52df6216.jpeg
172,172.0,24-06-2018,53c03235.jpeg
173,173.0,16-06-2017,551883ef.jpeg
174,174.0,12-06-2019,55291d91.jpeg
175,175.0,28-06-2019,557dc266.jpeg
176,176.0,25-05-2017,558a9aa9.jpeg
177,177.0,27-06-2019,55b59146.jpeg
178,178.0,02-07-2019,5753d0c6.jpeg
179,179.0,,5778a323.jpeg
180,180.0,,57c169de.jpeg
181,181.0,02-04-2015,57c7c0a6.jpeg
182,182.0,06-03-2019,58133e04.jpeg
183,183.0,14-06-2019,5afb1261.jpeg
184,184.0,,5b0d6748.jpeg
185,185.0,29-12-2017,5b6ee5a0.jpeg
186,,none,5bb556be.jpeg
187,,2017-05-06,5bd0d02d.jpeg
188,,2019-07-01,5c2b38f0.jpeg
189,,none,5c3075ae.jpeg
190,,2019-06-16,5c670322.jpeg
191,,2019-01-07,5c79316b.jpeg
192,,2019-04-26,5ca33654.jpeg
193,,2019-06-28,5cb08cab.jpeg
194,,2019-07-12,5d069db5.jpeg
195,,2019-07-16,5d63f1a2.jpeg
196,,2019-07-16,5d80cb45.jpeg
197,,2019-06-19,5dca8c72.jpeg
198,,2019-08-23,5e43dac3.jpeg
199,,2019-07-23,5f2e42d9.jpeg
200,,2019-06-24,5fb7995c.jpeg
201,,2019-07-25,5ff14463.jpeg
202,,2019-06-18,603fdc0f.jpeg
203,,2019-04-20,618ce259.jpeg
204,,2018-01-25,62611b46.jpeg
205,,2018-08-12,62b3d78b.jpeg
206,,2015-03-07,62f15742.jpeg
207,,2019-04-16,637456ba.jpeg
208,,,63debea1.jpeg
209,,2019-06-29,643fab2f.jpeg
210,,2019-07-19,648a919d.jpeg
211,,2019-07-15,64bee512.jpeg
212,,,64d55742.jpeg
213,,2012-12-26,651f5503.jpeg
214,,2019-05-06,65f3d160.jpeg
215,,2019-07-26,66e32579.jpeg
216,,2019-06-28,67784f13.jpeg
217,,2019-02-08,6878de95.jpeg
218,,2019-07-12,68c1c1de.jpeg
219,,2019-06-01,69095b91.jpeg
220,,2019-06-05,693a7582.jpeg
221,,,699f83d9.jpeg
222,,2016-07-08,6a42604c.jpeg
223,,2019-03-19,6a6e2a14.jpeg
224,,2019-06-17,6bab0d7d.jpeg
225,,2019-07-18,6bba9c45.jpeg
226,,2018-06-24,6c447c78.jpeg
227,,2016-01-09,6cb2b839.jpeg
228,,,6d53e280.jpeg
229,,2019-06-08,6dbdd84b.jpeg
230,,2019-06-09,6e5b73db.jpeg
231,,2019-06-20,6e6c8022.jpeg
232,,2018-09-28,6eef3a7f.jpeg
233,,2019-07-18,6f542182.jpeg
234,,2017-10-09,704f4322.jpeg
235,,2019-10-06,70b0dba1.jpeg
236,,2017-12-20,70edf5c1.jpeg
237,,2018-04-13,710e2d39.jpeg
238,,2019-07-17,71548d28.jpeg
239,,,715d59e4.jpeg
240,,2019-06-26,718914cd.jpeg
241,,2018-11-04,7276fcd8.jpeg
242,,2019-06-21,72b3b552.jpeg
243,,2018-06-09,72edc0a9.jpeg
244,,2019-03-05,73223a9f.jpeg
245,,2019-06-14,73313aba.jpeg
246,,2019-06-06,7383041e.jpeg
247,,2019-08-05,74346a8f.jpeg
248,,2019-05-17,745b1998.jpeg
249,,2019-05-19,74c2c549.jpeg
250,,2019-05-18,7501533b.jpeg
251,,,752bb04a.jpeg
252,,,75351233.jpeg
253,,2019-07-05,758414d5.jpeg
254,,2019-04-06,75b7ef34.jpeg
255,,2019-10-07,774194f1.jpeg
256,,,7757f74b.jpeg
257,,2015-08-06,78bce3b1.jpeg
258,,2019-06-24,792e12f9.jpeg
259,,2000-01-01,7ab07a7e.jpeg
260,,2019-02-09,7b987291.jpeg
261,,2017-11-18,7ba45680.jpeg
262,,2019-04-19,7c391a3a.jpeg
263,,2019-05-05,7c9e38ba.jpeg
264,,2015-04-02,7d3d33d3.jpeg
265,,2019-05-29,7e60a259.jpeg
266,,2018-10-03,7e979c6c.jpeg
267,,2019-03-04,7eb86b39.jpeg
268,,2017-03-17,7ecbd11f.jpeg
269,,2017-06-14,7f892b9b.jpeg
270,,,80247cd7.jpeg
271,,2021-05-02,804c5522.jpeg
272,,2019-06-23,80b2a0d5.jpeg
273,,2019-06-25,80da81d4.jpeg
274,,2035-05-22,8185e1b8.jpeg
275,,2019-02-19,81c972d3.jpeg
276,,2019-06-27,826bb4b1.jpeg
277,,2018-01-11,8290ec25.jpeg
278,,2019-06-23,82953a03.jpeg
279,,2019-05-17,82aed0de.jpeg
280,,2019-07-19,83c9db9a.jpeg
281,,2018-07-13,8457a646.jpeg
282,,2019-05-16,84dce936.jpeg
283,,2015-06-29,8558b94e.jpeg
284,,2019-06-27,8600390d.jpeg
285,,2012-01-13,8633fc48.jpeg
286,,2019-06-01,8651523e.jpeg
287,,2012-04-27,86c91cbd.jpeg
288,,2019-06-22,86ed0984.jpeg
289,,2019-07-16,88382c50.jpeg
290,,2019-07-25,88c4cc0c.jpeg
291,,2019-07-18,88e28b23.jpeg
292,,2017-03-18,8930e861.jpeg
293,,2017-09-27,8939f524.jpeg
294,,2019-10-07,89648cb6.jpeg
295,,2019-06-15,899d661a.jpeg
296,,2019-06-21,89d9667c.jpeg
297,,2019-06-18,89f3c36a.jpeg
298,,2019-06-19,8a07a435.jpeg
299,,2017-06-26,8ae1cfcd.jpeg
300,,2019-06-20,8b916b49.jpeg
301,,2019-07-13,8c015834.jpeg
302,,2019-07-26,8d93ed14.jpeg
303,,2019-07-26,8dc11f3b.jpeg
304,,2019-07-06,8e16764a.jpeg
305,,2013-03-16,8e5b620a.jpeg
306,,,8e5f8da4.jpeg
307,,2019-03-05,8e7a99a9.jpeg
308,,2019-06-13,8f51d477.jpeg
309,,2019-05-23,904efee7.jpeg
310,,2019-07-19,90733c0d.jpeg
311,,,9081eb41.jpeg
312,,2019-05-15,912ad2e1.jpeg
313,,2019-03-06,91b2f85d.jpeg
314,,2019-07-19,9219d71b.jpeg
315,,2016-07-12,9347d5f7.jpeg
316,,2019-04-10,939492cb.jpeg
317,,2019-06-18,942e9fb6.jpeg
318,,2019-08-08,946898a1.jpeg
319,,2017-02-18,94c84d39.jpeg
320,,2019-11-06,956be7eb.jpeg
321,,2019-07-19,9585fb50.jpeg
322,,2019-03-17,95ec3eab.jpeg
323,,2019-06-15,96844b6d.jpeg
324,,2017-08-09,96a5541a.jpeg
325,,2016-04-24,96ccf006.jpeg
326,,2019-07-16,96de25e8.jpeg
327,,2019-06-19,96e270fd.jpeg
328,,2019-09-02,97802ad1.jpeg
329,,2019-02-23,97ae705c.jpeg
330,,2019-07-23,982b02cf.jpeg
331,,2019-07-13,988159af.jpeg
332,,2017-07-06,991302fd.jpeg
333,,2019-07-24,9966a3ad.jpeg
334,,,996ad591.jpeg
335,,2018-10-06,997ba80b.jpeg
336,,2019-07-21,9a137cc9.jpeg
337,,2017-07-15,9a8e24a1.jpeg
338,,2019-01-05,9aca41c9.jpeg
339,,2015-01-15,9ade947c.jpeg
340,,2019-11-07,9ae2c1aa.jpeg
341,,2019-05-01,9aff01ec.jpeg
342,,2019-05-06,9b79f888.jpeg
343,,,9bf563ad.jpeg
344,,2019-05-26,9d042023.jpeg
345,,,9d135554.jpeg
346,,,9d315c3b.jpeg
347,,2019-06-26,9dacc253.jpeg
348,,2019-07-16,9df19b67.jpeg
349,,2019-05-20,9f100f6a.jpeg
350,,2019-02-24,9f6518d2.jpeg
351,,,9f7dd143.jpeg
352,,2016-10-04,9fbebaaf.jpeg
353,,2019-06-17,9fc011f7.jpeg
354,,2019-03-25,a1468725.jpeg
355,,2019-06-19,a17d8c2f.jpeg
356,,2018-01-28,a18a7997.jpeg
357,,2014-12-21,a190549c.jpeg
358,,2019-06-06,a1cdfdde.jpeg
359,,2019-06-16,a1e35140.jpeg
360,,2019-06-28,a1ea8555.jpeg
361,,2019-05-22,a26adf55.jpeg
362,,2019-12-03,a2ce1b5e.jpeg
363,,2019-07-17,a34336fd.jpeg
364,,,a3dbcdaa.jpeg
365,,2019-07-19,a3dd3ffb.jpeg
366,,2019-06-20,a44f4dd1.jpeg
367,,2017-12-05,a47ae875.jpeg
368,,2017-04-27,a4aee2d5.jpeg
369,,2019-05-31,a55acac4.jpeg
370,,2019-11-07,a5952274.jpeg
371,,2019-11-20,a5b617de.jpeg
372,,2017-08-12,a7001ecc.jpeg
373,,2019-07-12,a72f96ca.jpeg
374,,2016-04-06,a8c6b02c.jpeg
375,,2019-05-09,a8d87938.jpeg
376,,2019-07-19,a8f7689b.jpeg
377,,2019-06-07,a9800e10.jpeg
378,,2019-06-16,aa33ae61.jpeg
379,,,aa3640e5.jpeg
380,,2017-07-01,aba42498.jpeg
381,,2019-06-22,abcc056f.jpeg
382,,,abd76c4b.jpeg
383,,2017-08-13,abf51544.jpeg
384,,2019-07-11,ac676281.jpeg
385,,,ad2814be.jpeg
386,,2017-06-28,ad742eb5.jpeg
387,,2019-02-06,adc1b1d1.jpeg
388,,2019-11-02,ae906bad.jpeg
389,,2019-12-06,ae94e526.jpeg
390,,,aeb91209.jpeg
391,,2013-06-11,afa578d9.jpeg
392,,2018-01-23,aff8e5ab.jpeg
393,,2019-07-16,b0511c9e.jpeg
394,,2018-02-13,b06a246f.jpeg
395,,2019-06-28,b0ba1d29.jpeg
396,,2013-08-10,b0d5d8c5.jpeg
397,,2019-05-16,b199704c.jpeg
398,,2019-04-23,b1c64bac.jpeg
399,,2019-06-13,b21bee63.jpeg
400,,2019-06-06,b22e3c57.jpeg
401,,2019-07-19,b2802844.jpeg
402,,2019-06-25,b30773b0.jpeg
403,,2015-03-14,b31b7fba.jpeg
404,,2019-06-20,b3ed8ea1.jpeg
405,,2019-07-16,b517f1ae.jpeg
406,,2012-05-21,b55eba8a.jpeg
407,,2019-07-04,b57a5255.jpeg
408,,2019-03-05,b5e8f967.jpeg
409,,,b666ee43.jpeg
410,,2019-03-07,b7c49556.jpeg
411,,2019-02-07,b8c01c17.jpeg
412,,2016-11-12,b8c35020.jpeg
413,,2019-07-01,b8cc912d.jpeg
414,,2019-04-17,b9130266.jpeg
415,,2021-05-14,bac3fe9e.jpeg
416,,2019-06-26,badf0c6e.jpeg
417,,2019-07-18,bb958b7f.jpeg
418,,2019-06-15,bbe8febc.jpeg
419,,2017-12-17,bd30660c.jpeg
420,,2017-07-05,bdc0019f.jpeg
421,,2019-05-27,be838c96.jpeg
422,,2019-10-06,beeb9566.jpeg
423,,2019-06-20,bf0ce2ba.jpeg
424,,2017-06-13,c19fc15f.jpeg
425,,2018-12-28,c1c6a9fa.jpeg
426,,2018-03-08,c2195ac8.jpeg
427,,2019-07-06,c22e84bf.jpeg
428,,2017-04-05,c2c2d4ba.jpeg
429,,2019-06-23,c43f882f.jpeg
430,,2019-06-15,c4580395.jpeg
431,,2019-07-13,c478b53b.jpeg
432,,2019-05-20,c4c67f2e.jpeg
433,,2018-10-11,c5264903.jpeg
434,,2019-06-30,c532025f.jpeg
435,,,c660b2f7.jpeg
436,,2019-06-07,c69d5a43.jpeg
437,,2013-01-01,c6b7675c.jpeg
438,,2019-05-10,c6f12b50.jpeg
439,,2019-03-06,c70f7dac.jpeg
440,,2019-05-17,c7323e60.jpeg
441,,,c7643735.jpeg
442,,2019-02-07,c78931cf.jpeg
443,,2019-07-20,c87ae05e.jpeg
444,,2019-05-22,c89a5476.jpeg
445,,2019-07-25,c89d1fc8.jpeg
446,,,c8d5b927.jpeg
447,,2019-06-30,c99a6da9.jpeg
448,,,c9afb011.jpeg
449,,2019-06-17,c9c0da83.jpeg
450,,2017-04-20,c9d17f5f.jpeg
451,,2017-11-24,c9e60c74.jpeg
452,,2019-06-06,ca7a837e.jpeg
453,,2019-03-12,cb4b0752.jpeg
454,,2019-07-12,cbd9ab5e.jpeg
455,,2019-07-25,cc3853bf.jpeg
456,,2019-01-06,ccd6f8f5.jpeg
457,,2019-06-14,cce28d60.jpeg
458,,2016-12-19,cd2e80f2.jpeg
459,,2019-09-13,cdac31b4.jpeg
460,,2019-12-01,ce4ec734.jpeg
461,,2018-12-29,cec4ecc5.jpeg
462,,2017-08-15,cec9988c.jpeg
463,,2019-05-17,cf332c79.jpeg
464,,,cf78f2b0.jpeg
465,,2019-03-06,cf7b1404.jpeg
466,,2018-10-29,cf964a62.jpeg
467,,2019-05-31,d022521e.jpeg
468,,2019-06-17,d02db5bc.jpeg
469,,2019-02-23,d044bade.jpeg
470,,2019-06-24,d079725c.jpeg
471,,2019-05-06,d119364e.jpeg
472,,2019-10-06,d1512e12.jpeg
473,,2019-09-07,d1796a85.jpeg
474,,2016-12-03,d1a20345.jpeg
475,,2019-07-03,d1c36f6e.jpeg
476,,2019-01-11,d21be23d.jpeg
477,,2019-02-05,d2373192.jpeg
478,,,d24165d5.jpeg
479,,2013-03-22,d2aaea28.jpeg
480,,2019-06-28,d310bd8c.jpeg
481,,2019-05-28,d330054e.jpeg
482,,2019-10-06,d37231f3.jpeg
483,,2014-03-22,d388a1e0.jpeg
484,,,d3df924c.jpeg
485,,2019-06-26,d406bbbf.jpeg
486,,2019-06-17,d426211c.jpeg
487,,2019-05-27,d464ba5d.jpeg
488,,2019-01-24,d48e2bc0.jpeg
489,,2019-12-08,d50224be.jpeg
490,,2016-09-24,d543411c.jpeg
491,,,d5beec92.jpeg
492,,2016-12-02,d65531e1.jpeg
493,,2019-06-06,d717748c.jpeg
494,,2019-03-13,d7ddc370.jpeg
495,,2019-07-12,d8601222.jpeg
496,,2017-10-25,da0978f5.jpeg
497,,2018-04-24,da1bf674.jpeg
498,,2019-03-06,da2bf0dd.jpeg
499,,2017-12-29,da5e3696.jpeg
500,,,db0ced42.jpeg
501,,2019-07-01,db5b86d1.jpeg
502,,2019-06-26,dbc70af6.jpeg
503,,2019-12-01,dcd20d5a.jpeg
504,,,ddddaf89.jpeg
505,,2019-06-25,de279295.jpeg
506,,2018-09-15,de58dc3f.jpeg
507,,,de847c7f.jpeg
508,,2017-08-21,deda5875.jpeg
509,,2000-01-01,deedf037.jpeg
510,,2019-07-16,df00dff6.jpeg
511,,2018-09-07,df06b272.jpeg
512,,2019-07-17,df51a6f0.jpeg
513,,2019-06-27,dfed1676.jpeg
514,,2019-06-23,e093c331.jpeg
515,,2019-07-05,e1363e44.jpeg
516,,2018-07-21,e145bcc7.jpeg
517,,,e1540843.jpeg
518,,,e16297a7.jpeg
519,,2019-01-06,e2080a18.jpeg
520,,2019-06-01,e226408d.jpeg
521,,2019-07-08,e29e4aac.jpeg
522,,2019-04-01,e2ab7e79.jpeg
523,,2018-01-07,e2ce8f5a.jpeg
524,,2019-06-27,e39a91cc.jpeg
525,,2015-06-26,e3a528ad.jpeg
526,,2019-12-05,e3cdeead.jpeg
527,,2019-07-02,e4413fe0.jpeg
528,,2019-04-05,e50fe5f9.jpeg
529,,2018-06-22,e5235e8c.jpeg
530,,2019-05-15,e5560cf1.jpeg
531,,2019-05-28,e562fd32.jpeg
532,,2019-06-24,e59fe62f.jpeg
533,,2019-06-06,e6afefba.jpeg
534,,2019-03-06,e6b0240b.jpeg
535,,2018-06-24,e7205cbe.jpeg
536,,2019-06-26,e737307f.jpeg
537,,2019-12-07,e756ff2c.jpeg
538,,2019-07-18,e7a6f8bd.jpeg
539,,2019-06-27,e802d4e2.jpeg
540,,,e890664c.jpeg
541,,2019-06-18,e8dfe984.jpeg
542,,,e968011e.jpeg
543,,2019-07-16,e9a07f75.jpeg
544,,2019-06-17,eb1818b7.jpeg
545,,,eb3698c6.jpeg
546,,2019-02-06,ec07892e.jpeg
547,,2018-07-21,ec1853b1.jpeg
548,,2016-04-07,ec5f70cb.jpeg
549,,2017-12-22,ec8f6e40.jpeg
550,,2018-12-31,ecb4f350.jpeg
551,,2017-12-28,ed731156.jpeg
552,,2019-08-07,ee13198f.jpeg
553,,2019-07-25,eea737a6.jpeg
554,,2017-10-06,eed281d7.jpeg
555,,2019-06-01,f0f599e0.jpeg
556,,2015-08-30,f119f71a.jpeg
557,,2019-06-29,f16efae4.jpeg
558,,2019-02-28,f23085d1.jpeg
559,,2019-04-27,f29424af.jpeg
560,,2019-03-12,f2c1e641.jpeg
561,,2019-05-21,f2de425f.jpeg
562,,,f2e9be84.jpeg
563,,2018-10-25,f36b6c9d.jpeg
564,,2019-05-06,f41ce8c7.jpeg
565,,2019-06-24,f484b2e9.jpeg
566,,2019-11-06,f74ffded.jpeg
567,,2017-09-30,f78e114d.jpeg
568,,2018-08-28,f85a0139.jpeg
569,,2019-07-23,f8d4578f.jpeg
570,,2019-06-17,f9034671.jpeg
571,,2019-05-21,f92fcd42.jpeg
572,,2019-06-05,f963b6ca.jpeg
573,,2019-05-29,f980a8bc.jpeg
574,,2018-07-28,f9aa53c2.jpeg
575,,2019-02-16,faaf2ba1.jpeg
576,,2019-05-17,fae4ae81.jpeg
577,,2013-01-06,fb075aff.jpeg
578,,2017-08-25,fb360175.jpeg
579,,2019-04-28,fb5af2cc.jpeg
580,,2016-04-04,fb7fb9d7.jpeg
581,,2019-06-07,fb835913.jpeg
582,,2019-06-16,fb939620.jpeg
583,,2019-06-25,fc4067f4.jpeg
584,,2019-04-10,fc4ea984.jpeg
585,,,fc6c8af2.jpeg
586,,2019-11-01,fc8e3dde.jpeg
587,,2018-06-29,fdaae374.jpeg
588,,,fe41933a.jpeg
589,,2012-12-09,fecc3c48.jpeg
590,,2019-05-31,fece09ba.jpeg
591,,,ff2f420c.jpeg
592,,2014-10-21,ff6b37aa.jpeg
593,,2019-06-19,ff8e6691.jpeg
594,,2019-03-01,ffe2a9a0.jpeg
